/I/58a9ceb109470.jpg,1
/I/58a9cecac2792.jpg,1
/I/58ac47457c179.jpg,1
/I/58ac47c438014.jpg,1
/I/58b130366fdba.jpg,1
/I/58b130578ea04.jpg,1
/I/58b1305a1bd80.jpg,1
/I/58b1d04f8aa15.jpg,1
/I/58b5e55a140b5.jpg,1
/I/58b5e57eceecb.jpg,1
/I/58b72ae3d4b79.jpg,1
/I/58b734bd66647.jpg,1
/I/58b81e25c3dec.jpg,1
/I/58b9da22bbda8.jpg,1
/I/58b9da5e3dd08.jpg,1
/I/58b9da6aa3caf.jpg,1
/I/58b9da6fb95d2.jpg,1
/I/58b9da7d652c1.jpg,1
/I/58b9de3d66c3a.jpg,1
/I/58bb33195ee83.jpg,1
/I/58bb332017a69.jpg,1
/I/58bb333b1aee1.jpg,1
/I/58bb4ca2dc51c.jpg,1
/I/58bb4e1c0f993.jpg,1
/I/58bbb967b0fce.jpg,1
/I/58bbb9929abc4.jpg,1
/I/58bbb9b33ec90.jpg,1
/I/58bbbac6ed284.jpg,1
/I/58bbbb8812c0c.jpg,1
/I/58bbbbedd84a1.jpg,1
/I/58bbbc10a0912.jpg,1
/I/58bbbc90499f1.jpg,1
/I/58bbbcb89fee0.jpg,1
/I/58bbbcf833c95.jpg,1
/I/58bbbd44c72db.jpg,1
/I/58bbbd88d71fd.jpg,1
/I/58bbbdb870331.jpg,1
/I/58bbbdeab69a0.jpg,1
/I/58bbbe7662fa3.jpg,1
/I/58bbbea8d6ad2.jpg,1
/I/58bbbeb3ad825.jpg,1
/I/58bbbeba56d2f.jpg,1
/I/58bbbee4aa2ba.jpg,1
/I/58bbbf5936a74.jpg,1
/I/58bbbf6ec47fd.jpg,1
/I/58bbbf8bbcd63.jpg,1
/I/58bbbfdac5cbc.jpg,1
/I/58bbc04f04e7c.jpg,1
/I/58bbc0ef3900a.jpg,1
/I/58bbc10c9fcf4.jpg,1
/I/58bbc121d1a5a.jpg,1
/I/58bbc145d2173.jpg,1
/I/58bbc29d3f66a.jpg,1
/I/58bbc2c6c6d15.jpg,1
/I/58bbc3e91769d.jpg,1
/I/58bbc490087f5.jpg,1
/I/58bc3b2a04d52.jpg,1
/I/58bc4075a45ef.jpg,1
/I/58bc51342c6a1.jpg,1
/I/58bc5284e1a8e.jpg,1
/I/58bc52c86bfa7.jpg,1
/I/58bc53489fde5.jpg,1
/I/58bc6a3721370.jpg,1
/I/58bc6ac66812f.jpg,1
/I/58bc782c51496.jpg,1
/I/58bc78330932d.jpg,1
/I/58bc7876cb9cc.jpg,1
/I/58bc78dd80be2.jpg,1
/I/58bc9aab1b2eb.jpg,1
/I/58bc9abe19ca5.jpg,1
/I/58bda727e17b9.jpg,1
/I/58bda74c7cac0.jpg,1
/I/58bda7cfc40ea.jpg,1
/I/58bda80eedf52.jpg,1
/I/58bda8e70c1b8.jpg,1
/I/58be7fa464f67.jpg,1
/I/58be835765d42.jpg,1
/I/58be835b808a2.jpg,1
/I/58be8d2ece284.jpg,1
/I/58be8d38ca1ca.jpg,1
/I/58be8d4c0734e.jpg,1
/I/58be8dd66715d.jpg,1
/I/58be8dea31efd.jpg,1
/I/58be8ded7aea6.jpg,1
/I/58be8e1a075be.jpg,1
/I/58be8e3b92f2c.jpg,1
/I/58be91e6a1a07.jpg,1
/I/58be921219bed.jpg,1
/I/58be924119dac.jpg,1
/I/58be931c949af.jpg,1
/I/58be93943b249.jpg,1
/I/58be939c4c814.jpg,1
/I/58be93ea8dbad.jpg,1
/I/58be940f7943f.jpg,1
/I/58be983dd2460.jpg,1
/I/58be9a8fb5c64.jpg,1
/I/58be9aa360414.jpg,1
/I/58be9b9f2d5f3.jpg,1
/I/58be9dfc9b4cc.jpg,1
/I/58be9e47db693.jpg,1
/I/58be9eea9df33.jpg,1
/I/58beae269630a.jpg,1
/I/58beae38cf182.jpg,1
/I/58beaeb203240.jpg,1
/I/58beaecc931b0.jpg,1
/I/58beaf497b4d0.jpg,1
/I/58beb038a88c9.jpg,1
/I/58beb042c243b.jpg,1
/I/58bebc5b3077f.jpg,1
/I/58bebd02f0e18.jpg,1
/I/58bebd1aa862d.jpg,1
/I/58bebd3151674.jpg,1
/I/58bec891b23c6.jpg,1
/I/58becab476c6f.jpg,1
/I/58bed26d99551.jpg,1
/I/58bed27fc7879.jpg,1
/I/58bed286bb390.jpg,1
/I/58bed2f01103d.jpg,1
/I/58bed31d8d84a.jpg,1
/I/58bed3db48951.jpg,1
/I/58bed3e496dde.jpg,1
/I/58bed3f2f20a4.jpg,1
/I/58bed521a2c44.jpg,1
/I/58bed52c51c68.jpg,1
/I/58bed8e353340.jpg,1
/I/58bed98671e18.jpg,1
/I/58bed99276af1.jpg,1
/I/58beda3a8423a.jpg,1
/I/58beda5e67e5c.jpg,1
/I/58beda6d05436.jpg,1
/I/58beda7c6e2a9.jpg,1
/I/58beda9cdbbb0.jpg,1
/I/58bedb63c39ff.jpg,1
/I/58bedb8f3c6ec.jpg,1
/I/58bedb9e625a9.jpg,1
/I/58bedbd8f1ab2.jpg,1
/I/58bedf7dd2b20.jpg,1
/I/58bedfb3d0d19.jpg,1
/I/58bedfea8ff6c.jpg,1
/I/58bee0a6b0ccd.jpg,1
/I/58bee13bc7057.jpg,1
/I/58beeb5ac55e8.jpg,1
/I/58befaeb9b5c1.jpg,1
/I/58befaf86633a.jpg,1
/I/58befafadaf8e.jpg,1
/I/58befb0d1017a.jpg,1
/I/58befb1a2cd89.jpg,1
/I/58beff0d25828.jpg,1
/I/58befff28daba.jpg,1
/I/58bf008ba0e76.jpg,1
/I/58bf013c0f6c6.jpg,1
/I/58bf01740431c.jpg,1
/I/58bf01a4195b7.jpg,1
/I/58bf0221a1e8e.jpg,1
/I/58bf05cdb0133.jpg,1
/I/58bf06934314d.jpg,1
/I/58bf0728c2591.jpg,1
/I/58bf075e9cab3.jpg,1
/I/58bf07c94ee16.jpg,1
/I/58bf07e8bb630.jpg,1
/I/58bf08a93087b.jpg,1
/I/58bf0a5fe7b05.jpg,1
/I/58bf0a856bc68.jpg,1
/I/58bf0c8fd2a73.jpg,1
/I/58bf0e4a610cb.jpg,1
/I/58bf0f0a417cf.jpg,1
/I/58bf0f4e00b84.jpg,1
/I/58bf0ff13f0ea.jpg,1
/I/58bf1005be61f.jpg,1
/I/58bf104c7ec9e.jpg,1
/I/58bf10dc3df8f.jpg,1
/I/58bf10dee3486.jpg,1
/I/58bf1111c5341.jpg,1
/I/58bf11afa1120.jpg,1
/I/58bf11b523cf8.jpg,1
/I/58bf11cfb2418.jpg,1
/I/58bf11dd19caa.jpg,1
/I/58bf12045e4e8.jpg,1
/I/58bf1243deeae.jpg,1
/I/58bf12eb8727a.jpg,1
/I/58bf132625f32.jpg,1
/I/58bf132a18d96.jpg,1
/I/58bf13360a48d.jpg,1
/I/58bf133ae3ff4.jpg,1
/I/58bf135a711cd.jpg,1
/I/58bf1368556d0.jpg,1
/I/58bf13722ae7f.jpg,1
/I/58bf13722df75.jpg,1
/I/58bf137c7ce25.jpg,1
/I/58bf1459227d4.jpg,1
/I/58bf15f1070c9.jpg,1
/I/58bf1663ce70f.jpg,1
/I/58bf1938350bc.jpg,1
/I/58bf19423af27.jpg,1
/I/58bf19732a4db.jpg,1
/I/58bf19aee3c15.jpg,1
/I/58bf19ed079a4.jpg,1
/I/58bf1a0854baa.jpg,1
/I/58bf1a1536b7f.jpg,1
/I/58bf1a5337164.jpg,1
/I/58bf1a570497a.jpg,1
/I/58bf1ab83b3f4.jpg,1
/I/58bf1b1bad929.jpg,1
/I/58bf1b2661791.jpg,1
/I/58bf1bd54ea05.jpg,1
/I/58bf1bde575a8.jpg,1
/I/58bf1c1b49857.jpg,1
/I/58bf1c6457f72.jpg,1
/I/58bf1cb190c4b.jpg,1
/I/58bf1cc9773b7.jpg,1
/I/58bf1d42317e9.jpg,1
/I/58bf1d44df1c4.jpg,1
/I/58bf1d4820f66.jpg,1
/I/58bf1d4e4bf85.jpg,1
/I/58bf1d549126f.jpg,1
/I/58bf1d5be1a71.jpg,1
/I/58bf1d832bca2.jpg,1
/I/58bf1dce58a32.jpg,1
/I/58bf1e0574809.jpg,1
/I/58bf1e88bc935.jpg,1
/I/58bf1ed825398.jpg,1
/I/58bf1f1d10f75.jpg,1
/I/58bf25b165819.jpg,1
/I/58bf28590239e.jpg,1
/I/58bf28612a6a3.jpg,1
/I/58bf286898c81.jpg,1
/I/58bf287353956.jpg,1
/I/58bf289ade59d.jpg,1
/I/58bf290987fdd.jpg,1
/I/58bf2c6b5df3b.jpg,1
/I/58bf3d3072427.jpg,1
/I/58bf72305b975.jpg,1
/I/58bf724920628.jpg,1
/I/58bf7b6b9ea75.jpg,1
/I/58bf9abdf0ae7.jpg,1
/I/58bf9af8418eb.jpg,1
/I/58bf9b57451b7.jpg,1
/I/58bfa33277ed1.jpg,1
/I/58bfa34fe2af5.jpg,1
/I/58bfa87c4dc59.jpg,1
/I/58bfa8e1057ed.jpg,1
/I/58bfa92f4dc0c.jpg,1
/I/58bfab5350320.jpg,1
/I/58bfab69eeefb.jpg,1
/I/58bfab8de271b.jpg,1
/I/58bfabb67ac42.jpg,1
/I/58bfabcb7c125.jpg,1
/I/58bfabec5e4d7.jpg,1
/I/58bfc31e24de6.jpg,1
/I/58bfc3f28ee4a.jpg,1
/I/58bfc5fb9fa8b.jpg,1
/I/58bfefb10be8a.jpg,1
/I/58bff3ae4b446.jpg,1
/I/58bff46e36914.jpg,1
/I/58bff4b3146fa.jpg,1
/I/58bff4d2b43f7.jpg,1
/I/58bff4ffb882c.jpg,1
/I/58bff59f1e873.jpg,1
/I/58bff79b949fc.jpg,1
/I/58bff872e0f38.jpg,1
/I/58c00d8151d31.jpg,1
/I/58c011b849d01.jpg,1
/I/58c011e2b750c.jpg,1
/I/58c011f4e711b.jpg,1
/I/58c018bce9567.jpg,1
/I/58c018f83e357.jpg,1
/I/58c0282538f56.jpg,1
/I/58c028406828e.jpg,1
/I/58c05b07bc792.jpg,1
/I/58c05b524c0e9.jpg,1
/I/58c05b59aee8b.jpg,1
/I/58c05c111f316.jpg,1
/I/58c05c715f905.jpg,1
/I/58c05d7eb16a1.jpg,1
/I/58c06cb06a6fa.jpg,1
/I/58c06cb78f07a.jpg,1
/I/58c06db213668.jpg,1
/I/58c06dcc36e03.jpg,1
/I/58c06e0b6d5ab.jpg,1
/I/58c06e0e8365a.jpg,1
/I/58c0755458952.jpg,1
/I/58c0759fdb2e1.jpg,1
/I/58c0766434892.jpg,1
/I/58c07682403bf.jpg,1
/I/58c07740a0fc4.jpg,1
/I/58c07772723d9.jpg,1
/I/58c077b5d4add.jpg,1
/I/58c077e041816.jpg,1
/I/58c077ee47a49.jpg,1
/I/58c0780842fd9.jpg,1
/I/58c0999f17ad5.jpg,1
/I/58c099a2e273d.jpg,1
/I/58c099b2b6762.jpg,1
/I/58c09a5f0fc39.jpg,1
/I/58c0fa29d403c.jpg,1
/I/58c0fa2d8bf5a.jpg,1
/I/58c10e536cda0.jpg,1
/I/58c10e9b45a2c.jpg,1
/I/58c10ef71380c.jpg,1
/I/58c1127326b64.jpg,1
/I/58c112a5ce550.jpg,1
/I/58c11c6f31887.jpg,1
/I/58c11cd3abcb9.jpg,1
/I/58c11ce6ddf59.jpg,1
/I/58c11d1b6c7f3.jpg,1
/I/58c136cb9462b.jpg,1
/I/58c148e78c1ce.jpg,1
/I/58c1ac05d7825.jpg,1
/I/58c1acb4ce2b7.jpg,1
/I/58c1c86eb536b.jpg,1
/I/58c1c8c884b60.jpg,1
/I/58c1c8d0b2edf.jpg,1
/I/58c1c8f4a63c4.jpg,1
/I/58c1c90183c39.jpg,1
/I/58c1c9405d596.jpg,1
/I/58c1c9a20d6fb.jpg,1
/I/58c1c9aa9aca1.jpg,1
/I/58c1c9d519adf.jpg,1
/I/58c1ca200693f.jpg,1
/I/58c1ca43ae699.jpg,1
/I/58c1ca656998e.jpg,1
/I/58c1caa2153fa.jpg,1
/I/58c1cae7133e5.jpg,1
/I/58c1d7e02ffc7.jpg,1
/I/58c1de7c1d6dc.jpg,1
/I/58c1de8462459.jpg,1
/I/58c2812627bf7.jpg,1
/I/58c2813bcdd9a.jpg,1
/I/58c2815860182.jpg,1
/I/58c2818dc8e33.jpg,1
/I/58c281b489471.jpg,1
/I/58c281f2d4b79.jpg,1
/I/58c29263dac23.jpg,1
/I/58c29269e5010.jpg,1
/I/58c292de1d8c3.jpg,1
/I/58c292f75ad3c.jpg,1
/I/58c29305685be.jpg,1
/I/58c2931561b93.jpg,1
/I/58c2932452046.jpg,1
/I/58c2935f623c6.jpg,1
/I/58c2938fd1285.jpg,1
/I/58c2939f32f02.jpg,1
/I/58c293d26a111.jpg,1
/I/58c293fd84d87.jpg,1
/I/58c29417d8aeb.jpg,1
/I/58c2ab65b5dba.jpg,1
/I/58c2ad8ba9131.jpg,1
/I/58c2ad928ca60.jpg,1
/I/58c2adae56851.jpg,1
/I/58c2ae4e4cf76.jpg,1
/I/58c2aea13c08e.jpg,1
/I/58c2b26802129.jpg,1
/I/58c2e7a6d7246.jpg,1
/I/58c389b1d999e.jpg,1
/I/58c389e696c8f.jpg,1
/I/58c3f5a6ef1df.jpg,1
/I/58c3f5e0499f2.jpg,1
/I/58c3f78314455.jpg,1
/I/58c3f93f4bf61.jpg,1
/I/58c3fa8abc020.jpg,1
/I/58c3fac04589e.jpg,1
/I/58c423598fc9d.jpg,1
/I/58c426b920594.jpg,1
/I/58c4271e7b1c0.jpg,1
/I/58c42cfb81ada.jpg,1
/I/58c42d2215bee.jpg,1
/I/58c464661f93d.jpg,1
/I/58c4649723b2c.jpg,1
/I/58c464b29ee98.jpg,1
/I/58c4705718213.jpg,1
/I/58c4718a81c42.jpg,1
/I/58c471c5b57b9.jpg,1
/I/58c472604c55b.jpg,1
/I/58c5529801f5b.jpg,1
/I/58c5a809000e9.jpg,1
/I/58c5a8193aac1.jpg,1
/I/58c5a82eba0d2.jpg,1
/I/58c5c0f887962.jpg,1
/I/58c5c1522ff4c.jpg,1
/I/58c5c19b54097.jpg,1
/I/58c5c1b701127.jpg,1
/I/58c5c1ce5f9a7.jpg,1
/I/58c5c944c8fa2.jpg,1
/I/58c707cf4db99.jpg,1
/I/58c70fd12407a.jpg,1
/I/58c768783f509.jpg,1
/I/58c768fec79bd.jpg,1
/I/58c7d415c01b7.jpg,1
/I/58c81eea4ffc8.jpg,1
/I/58c8315d47f1f.jpg,1
/I/58c8f3db7622e.jpg,1
/I/58c8f41b176ec.jpg,1
/I/58c99058dcd0d.jpg,1
/I/58c990a671b1d.jpg,1
/I/58c990b5df012.jpg,1
/I/58c990e41fd5f.jpg,1
/I/58c991285bbab.jpg,1
/I/58c99150a11f0.jpg,1
/I/58c99e29c8160.jpg,1
/I/58c99e2db2751.jpg,1
/I/58c99e3a3009c.jpg,1
/I/58c99e421432a.jpg,1
/I/58c99e55c7454.jpg,1
/I/58c99e6c48e03.jpg,1
/I/58c99e7c30de6.jpg,1
/I/58cae4b882963.jpg,1
/I/58cb9909d64f0.jpg,1
/I/58cb9f41a9ad7.jpg,1
/I/58cb9f50aff79.jpg,1
/I/58cb9f5c9da36.jpg,1
/I/58cc7472dcad6.jpg,1
/I/58cd153a52abf.jpg,1
/I/58cd163384bcf.jpg,1
/I/58cd16a208d1d.jpg,1
/I/58cd16a58cbd9.jpg,1
/I/58cd1706bfa95.jpg,1
/I/58cd175ad2d62.jpg,1
/I/58cd17b1cb564.jpg,1
/I/58cd1802161ec.jpg,1
/I/58cd98b389a42.jpg,1
/I/58cd98d209718.jpg,1
/I/58d4161a27240.jpg,1
/I/58d959757169b.jpg,1
/I/58edfdfbb8f12.jpg,1
/I/58ee39b125082.jpg,1
/I/58ee3c57dfc4e.jpg,1
/I/58ee86da1233c.jpg,1
/I/58ee86e74cbbf.jpg,1
/I/58f0571ea7d02.jpg,1
/I/58f0574564500.jpg,1
/I/58f6239f01314.jpg,1
/I/58f623c243ecb.jpg,1
/I/58ff57f577964.jpg,1
/I/5900f0fa9d29e.jpg,1
/I/5910d81e77c1a.jpg,1
/I/59149d3b17738.jpg,1
/I/59149d470d676.jpg,1
/I/59149d83aff01.jpg,1
/I/59149dc2905cb.jpg,1
/I/59195c6c7d6af.jpg,1
/I/59195c872abfd.jpg,1
/I/591c018ebb8ee.jpg,1
/I/591ea26faeaff.jpg,1
/I/591ea2725966e.jpg,1
/I/5922e1d0c25a3.jpg,1
/I/5922e1fb18c97.jpg,1
/I/5928a1273cd71.jpg,1
/I/5928c330a4d56.jpg,1
/I/593828f077264.jpg,1
/I/5943bed73d785.jpg,1
/I/594c3963cdff8.jpg,1
/I/594c396cc9836.jpg,1
/I/5957aff0a9f68.jpg,1
/I/5957b07916bc4.jpg,1
/I/5957ffff1a8f3.jpg,1
/I/5975b69840bc5.jpg,1
/I/5975b6a0def41.jpg,1
/I/598c5e6521b75.jpg,1
/I/59b40150ceaf7.jpg,1
/I/59d4e37b192ff.jpg,1
/I/59df77162117f.jpg,1
/I/59e9b58d16ba1.jpg,1
/I/59ea21ed1fbfc.jpg,1
/I/59fa3bf6bbe00.jpg,1
/I/59fd48ac1336c.jpg,1
/I/5a0039b19487d.jpg,1
/I/5a0d5b5579dc4.jpg,1
/I/5a0d5cf1bef11.jpg,1
/I/5a1cf7765b160.jpg,1
/I/5a1cf7f474ca3.jpg,1
/I/5a2eeefec4f88.jpg,1
/I/5a31f09eb9c72.jpg,1
/I/5a31f0ff20435.jpg,1
/I/5a3911a827689.jpg,1
/I/5a5892e497a30.jpg,1
/I/5a86471764ee1.jpg,1
/O/58ac473e8538a.jpg,0
/O/58ac47a804630.jpg,0
/O/58b12ff790b6c.jpg,0
/O/58b130078eb18.jpg,0
/O/58b1d04d955fc.jpg,0
/O/58b1d07951288.jpg,0
/O/58b1d080a23f4.jpg,0
/O/58b1d082534ae.jpg,0
/O/58b1d08c9e066.jpg,0
/O/58b1d0a019d04.jpg,0
/O/58b1d0a52c909.jpg,0
/O/58b1d0ffddbb9.jpg,0
/O/58b72ace55344.jpg,0
/O/58b72adf03e40.jpg,0
/O/58b72c26441ee.jpg,0
/O/58b7367682047.jpg,0
/O/58b736887cd01.jpg,0
/O/58b7396bcff2f.jpg,0
/O/58b81ea4c5bad.jpg,0
/O/58b81ebbcce8b.jpg,0
/O/58b9da3378478.jpg,0
/O/58b9da8ea5bbf.jpg,0
/O/58bbb9164e4b9.jpg,0
/O/58bbb96470afa.jpg,0
/O/58bbb9ebd8ca0.jpg,0
/O/58bbbad8b59e9.jpg,0
/O/58bbbaec0326e.jpg,0
/O/58bbbb1803c76.jpg,0
/O/58bbbb5658c44.jpg,0
/O/58bbbb8a62a98.jpg,0
/O/58bbbcb1086b4.jpg,0
/O/58bbbe6d7fa1d.jpg,0
/O/58bbbf79c9914.jpg,0
/O/58bbbf7cbb9e9.jpg,0
/O/58bbbf8165573.jpg,0
/O/58bbc00f9e72f.jpg,0
/O/58bbc03b3ed92.jpg,0
/O/58bbc07e801d6.jpg,0
/O/58bbc0f7b809a.jpg,0
/O/58bbc10f5fabc.jpg,0
/O/58bbc18394d39.jpg,0
/O/58bbc1a7b0e19.jpg,0
/O/58bbc1dabec81.jpg,0
/O/58bbc23869bb7.jpg,0
/O/58bbc2672a8b9.jpg,0
/O/58bbc2e6b0758.jpg,0
/O/58bbc31278af5.jpg,0
/O/58bbc35282f58.jpg,0
/O/58bbc36203d83.jpg,0
/O/58bbc37193f75.jpg,0
/O/58bbc41600ab8.jpg,0
/O/58bbc4aa04ea7.jpg,0
/O/58bbc4ada98e9.jpg,0
/O/58bbc4b17791f.jpg,0
/O/58bc3a412387b.jpg,0
/O/58bc3ae408bcf.jpg,0
/O/58bc3b0766197.jpg,0
/O/58bc3eead1a66.jpg,0
/O/58bc40492217a.jpg,0
/O/58bc404d90ff5.jpg,0
/O/58bc40c494583.jpg,0
/O/58bc4e26c97f3.jpg,0
/O/58bc520cc61ce.jpg,0
/O/58bc53515db5e.jpg,0
/O/58bc6a77e28ee.jpg,0
/O/58bc787e69732.jpg,0
/O/58bc99fc62eea.jpg,0
/O/58bcd1f1cda6e.jpg,0
/O/58bda8625ec96.jpg,0
/O/58bda86836691.jpg,0
/O/58bda9c2be3a1.jpg,0
/O/58bda9e8f28c5.jpg,0
/O/58be7fd4823af.jpg,0
/O/58be7ffb20dc2.jpg,0
/O/58be8129667ca.jpg,0
/O/58be8155b4f7d.jpg,0
/O/58be81d608380.jpg,0
/O/58be830dd5d66.jpg,0
/O/58be834a28ffe.jpg,0
/O/58be8379f2f95.jpg,0
/O/58be837e73d4f.jpg,0
/O/58be8c38a2251.jpg,0
/O/58be8cb6126c3.jpg,0
/O/58be8cd02e6d4.jpg,0
/O/58be8ce687ef3.jpg,0
/O/58be8d8a1b17c.jpg,0
/O/58be8de49290f.jpg,0
/O/58be8e07ddff0.jpg,0
/O/58be8e84dee95.jpg,0
/O/58be8ec219d9b.jpg,0
/O/58be8fe399e5c.jpg,0
/O/58be91bfbe417.jpg,0
/O/58be920ec95c4.jpg,0
/O/58be926b5533d.jpg,0
/O/58be93155d4f6.jpg,0
/O/58be93cd06cb7.jpg,0
/O/58be940b91439.jpg,0
/O/58be984f7c536.jpg,0
/O/58be98c20e8b4.jpg,0
/O/58be9a9b30775.jpg,0
/O/58be9af5ce3dc.jpg,0
/O/58be9b530eea8.jpg,0
/O/58be9b7353437.jpg,0
/O/58be9dca349a6.jpg,0
/O/58be9e7b6a3b5.jpg,0
/O/58be9e9368353.jpg,0
/O/58bea24407d2c.jpg,0
/O/58beb06b9f806.jpg,0
/O/58beb0717b624.jpg,0
/O/58beb08704786.jpg,0
/O/58bebca87ae43.jpg,0
/O/58bebcbe11375.jpg,0
/O/58beca721e68d.jpg,0
/O/58beca769ba4e.jpg,0
/O/58beca996d503.jpg,0
/O/58becb238db93.jpg,0
/O/58becd72a28a2.jpg,0
/O/58bed28a469cd.jpg,0
/O/58bed296688e8.jpg,0
/O/58bed29a1e988.jpg,0
/O/58bed2ae22379.jpg,0
/O/58bed318eec37.jpg,0
/O/58bed37320bf7.jpg,0
/O/58bed3865931e.jpg,0
/O/58bed3d87cd6a.jpg,0
/O/58bed3fed0e63.jpg,0
/O/58bed4a5378be.jpg,0
/O/58bed52672058.jpg,0
/O/58bed88607d81.jpg,0
/O/58bed896ddce5.jpg,0
/O/58bed8d203e8c.jpg,0
/O/58bed93e83098.jpg,0
/O/58bed97e13480.jpg,0
/O/58bed98777828.jpg,0
/O/58bed99567621.jpg,0
/O/58beda304e1f8.jpg,0
/O/58bedbb447a33.jpg,0
/O/58bedbb67b296.jpg,0
/O/58bede18dc98e.jpg,0
/O/58bedf7b512e6.jpg,0
/O/58bedf88b9011.jpg,0
/O/58bedfc95538e.jpg,0
/O/58bee0a25fe7f.jpg,0
/O/58bef223d4240.jpg,0
/O/58bef5ce9463d.jpg,0
/O/58bef5f47335d.jpg,0
/O/58befaab4cde5.jpg,0
/O/58befac37b972.jpg,0
/O/58befac555e65.jpg,0
/O/58befaf19e247.jpg,0
/O/58befaf45739b.jpg,0
/O/58befd53e1dab.jpg,0
/O/58befd65d300a.jpg,0
/O/58beff1e15e40.jpg,0
/O/58beff20a1aff.jpg,0
/O/58bf018119fc5.jpg,0
/O/58bf01960ae94.jpg,0
/O/58bf05bfdd7cc.jpg,0
/O/58bf069ba32cc.jpg,0
/O/58bf06a334abe.jpg,0
/O/58bf06f1d6a8d.jpg,0
/O/58bf0b931d637.jpg,0
/O/58bf0c1561b39.jpg,0
/O/58bf0c4678d14.jpg,0
/O/58bf0dd1d39d6.jpg,0
/O/58bf0decb8de9.jpg,0
/O/58bf0e1a6ad7d.jpg,0
/O/58bf0e3088545.jpg,0
/O/58bf0f16624b3.jpg,0
/O/58bf0f78c762d.jpg,0
/O/58bf1035deae3.jpg,0
/O/58bf10499de26.jpg,0
/O/58bf10cd20fda.jpg,0
/O/58bf111f848ed.jpg,0
/O/58bf11344189f.jpg,0
/O/58bf1191375d5.jpg,0
/O/58bf11b1c7666.jpg,0
/O/58bf11ba7fb78.jpg,0
/O/58bf11d708a1c.jpg,0
/O/58bf12323271b.jpg,0
/O/58bf125ec02ba.jpg,0
/O/58bf1285af7f0.jpg,0
/O/58bf12ee70da7.jpg,0
/O/58bf1358ae7f3.jpg,0
/O/58bf136b72d18.jpg,0
/O/58bf152c89d4f.jpg,0
/O/58bf15c15a332.jpg,0
/O/58bf15f173704.jpg,0
/O/58bf1612123ce.jpg,0
/O/58bf161c68fa9.jpg,0
/O/58bf16460bb07.jpg,0
/O/58bf164e7c8c1.jpg,0
/O/58bf16735a730.jpg,0
/O/58bf176ea5cb2.jpg,0
/O/58bf18a421ede.jpg,0
/O/58bf18d8427cd.jpg,0
/O/58bf192cd5970.jpg,0
/O/58bf19484d3fa.jpg,0
/O/58bf195f59961.jpg,0
/O/58bf1965c6078.jpg,0
/O/58bf197ceee45.jpg,0
/O/58bf1a154dbbf.jpg,0
/O/58bf1a2731d60.jpg,0
/O/58bf1a3139ca0.jpg,0
/O/58bf1af97c793.jpg,0
/O/58bf1b45d7b8e.jpg,0
/O/58bf1baaf364d.jpg,0
/O/58bf1bcb9d0a4.jpg,0
/O/58bf1c4d3e0be.jpg,0
/O/58bf1c6c49ce0.jpg,0
/O/58bf1cfa3fbe6.jpg,0
/O/58bf1e248ab64.jpg,0
/O/58bf1e33233d4.jpg,0
/O/58bf1eedd6491.jpg,0
/O/58bf1ef6d2eea.jpg,0
/O/58bf1efdafbca.jpg,0
/O/58bf1f0e928b8.jpg,0
/O/58bf1fac791a9.jpg,0
/O/58bf24f26a974.jpg,0
/O/58bf24fd640bf.jpg,0
/O/58bf25d39ba2d.jpg,0
/O/58bf2814c9713.jpg,0
/O/58bf288ed1abb.jpg,0
/O/58bf28a20a389.jpg,0
/O/58bf33b9828f9.jpg,0
/O/58bf719d5614c.jpg,0
/O/58bf71d18a338.jpg,0
/O/58bf9b2b776c1.jpg,0
/O/58bfa30bd805b.jpg,0
/O/58bfa89602ef4.jpg,0
/O/58bfa8b1cb79e.jpg,0
/O/58bfa8bb8be98.jpg,0
/O/58bfa8c6dc97a.jpg,0
/O/58bfa8ee14f63.jpg,0
/O/58bfa9161113d.jpg,0
/O/58bfa93798a2b.jpg,0
/O/58bfa94025b41.jpg,0
/O/58bfa946a2ea7.jpg,0
/O/58bfa95259288.jpg,0
/O/58bfa9b5148c5.jpg,0
/O/58bfa9c29c6ba.jpg,0
/O/58bfa9cabfbb5.jpg,0
/O/58bfabd73fde8.jpg,0
/O/58bfc4a523cce.jpg,0
/O/58bfc651f16f4.jpg,0
/O/58bfc661cce58.jpg,0
/O/58bfef32138b3.jpg,0
/O/58bff304abc79.jpg,0
/O/58bff45080c9d.jpg,0
/O/58bff8d889539.jpg,0
/O/58c00c6b534d1.jpg,0
/O/58c00e1d78bb2.jpg,0
/O/58c00e4d40ee2.jpg,0
/O/58c010627d38e.jpg,0
/O/58c01abdcebae.jpg,0
/O/58c0281d9b76d.jpg,0
/O/58c0289719bcd.jpg,0
/O/58c028b5881cb.jpg,0
/O/58c0294a8a2fb.jpg,0
/O/58c05122388f0.jpg,0
/O/58c059c3b41bb.jpg,0
/O/58c05ae98fda5.jpg,0
/O/58c05b07f115d.jpg,0
/O/58c05c59efe5d.jpg,0
/O/58c05ca09e0ce.jpg,0
/O/58c05cf7b55ff.jpg,0
/O/58c05d541ee69.jpg,0
/O/58c05db582a6d.jpg,0
/O/58c06cff99bb2.jpg,0
/O/58c06d4baf2f5.jpg,0
/O/58c06d7046de4.jpg,0
/O/58c06d8d35fc2.jpg,0
/O/58c06da772261.jpg,0
/O/58c06de35c8e8.jpg,0
/O/58c075a3aae94.jpg,0
/O/58c0767cc45c3.jpg,0
/O/58c0768dd1b3e.jpg,0
/O/58c076972ea16.jpg,0
/O/58c0769d3b2f2.jpg,0
/O/58c076c532a03.jpg,0
/O/58c076de35e36.jpg,0
/O/58c077ca55061.jpg,0
/O/58c077e2b083d.jpg,0
/O/58c098731c4f5.jpg,0
/O/58c0f9c2625e6.jpg,0
/O/58c10ee4da78d.jpg,0
/O/58c112688c2f0.jpg,0
/O/58c112b14afe0.jpg,0
/O/58c112e397e40.jpg,0
/O/58c11d227c6b7.jpg,0
/O/58c136fd912e9.jpg,0
/O/58c1371c8bf3b.jpg,0
/O/58c1abef4b8e8.jpg,0
/O/58c1abfa1403b.jpg,0
/O/58c1ac4d9104f.jpg,0
/O/58c1ac8f10eb6.jpg,0
/O/58c1bfcced3c0.jpg,0
/O/58c1c06e34c68.jpg,0
/O/58c1c0c0440b3.jpg,0
/O/58c1c89885cc3.jpg,0
/O/58c1c8e52ae6f.jpg,0
/O/58c1c8fe4108d.jpg,0
/O/58c1c965f2d9c.jpg,0
/O/58c1c9c46ef06.jpg,0
/O/58c1ca27d84a4.jpg,0
/O/58c1ca498ddf3.jpg,0
/O/58c1d7c00617e.jpg,0
/O/58c1de2c76e05.jpg,0
/O/58c2816069d50.jpg,0
/O/58c281827a222.jpg,0
/O/58c281cf453ed.jpg,0
/O/58c282408c08b.jpg,0
/O/58c28249f23ca.jpg,0
/O/58c2825f206a0.jpg,0
/O/58c2827945191.jpg,0
/O/58c282fa16334.jpg,0
/O/58c2925371a3c.jpg,0
/O/58c292735a1ae.jpg,0
/O/58c292ba614d7.jpg,0
/O/58c293128be31.jpg,0
/O/58c293bc3619b.jpg,0
/O/58c293ce03923.jpg,0
/O/58c29937e2fa6.jpg,0
/O/58c299aa7b175.jpg,0
/O/58c299dfaa57c.jpg,0
/O/58c299ede0c32.jpg,0
/O/58c2ab501a646.jpg,0
/O/58c2ada810b0d.jpg,0
/O/58c2ae2a14f3d.jpg,0
/O/58c2e7d3d20bc.jpg,0
/O/58c389f0656d5.jpg,0
/O/58c38a17ec259.jpg,0
/O/58c38a648049f.jpg,0
/O/58c3f5ce4dcb1.jpg,0
/O/58c3f7f5745d4.jpg,0
/O/58c3f887d9f8f.jpg,0
/O/58c3f89c29ff5.jpg,0
/O/58c3f8eb42679.jpg,0
/O/58c3f96a9d59a.jpg,0
/O/58c3fa818700f.jpg,0
/O/58c423a2bcc7c.jpg,0
/O/58c425ee2b1a5.jpg,0
/O/58c42743c1261.jpg,0
/O/58c427b05993a.jpg,0
/O/58c428352a6fa.jpg,0
/O/58c428ce3a1a5.jpg,0
/O/58c4292e36789.jpg,0
/O/58c42a2298ac7.jpg,0
/O/58c42a2f4e4ec.jpg,0
/O/58c42b2028285.jpg,0
/O/58c42ba38948b.jpg,0
/O/58c42c8e4281a.jpg,0
/O/58c464744fdbe.jpg,0
/O/58c4648d7dffd.jpg,0
/O/58c464a5e3c66.jpg,0
/O/58c471766aefa.jpg,0
/O/58c471b34a389.jpg,0
/O/58c5be9bb80c9.jpg,0
/O/58c5bec8a7548.jpg,0
/O/58c5c13a082d5.jpg,0
/O/58c5c13e5378d.jpg,0
/O/58c5c9106e7a9.jpg,0
/O/58c64f917a7f7.jpg,0
/O/58c703873ee27.jpg,0
/O/58c7039c6299f.jpg,0
/O/58c707e75a3c9.jpg,0
/O/58c707f5cec21.jpg,0
/O/58c7080bc0c0c.jpg,0
/O/58c7081217b7e.jpg,0
/O/58c70fddd76ef.jpg,0
/O/58c7102aaac4f.jpg,0
/O/58c768d39c581.jpg,0
/O/58c7692206ca9.jpg,0
/O/58c80adf522d0.jpg,0
/O/58c81ecfb3952.jpg,0
/O/58c8292ea404a.jpg,0
/O/58c82994eb46b.jpg,0
/O/58c830f08fb2d.jpg,0
/O/58c8312723a3d.jpg,0
/O/58c8f3776eb64.jpg,0
/O/58c945d2a0c11.jpg,0
/O/58c990a3c98bc.jpg,0
/O/58c990bccbff2.jpg,0
/O/58c9911d293e3.jpg,0
/O/58c9914b6912d.jpg,0
/O/58c991629da77.jpg,0
/O/58c99dd83edf2.jpg,0
/O/58c99e1b8bd86.jpg,0
/O/58c99e1ea6a13.jpg,0
/O/58c99e3f72d18.jpg,0
/O/58cb996b94f27.jpg,0
/O/58cbf6cba673e.jpg,0
/O/58cc00c2c4839.jpg,0
/O/58cc022dbc568.jpg,0
/O/58cc025ebb634.jpg,0
/O/58cc02659312d.jpg,0
/O/58cd16243bbb2.jpg,0
/O/58cd164fb1727.jpg,0
/O/58cd16583a533.jpg,0
/O/58cd17339caf8.jpg,0
/O/58cd179115af9.jpg,0
/O/58cd17b508ed7.jpg,0
/O/58cd17e4ecf79.jpg,0
/O/58cd17f87fcf6.jpg,0
/O/58d415f13f3f5.jpg,0
/O/58dedb5411b0e.jpg,0
/O/58e74faa8d095.jpg,0
/O/58edfe0b1799a.jpg,0
/O/58ee3c501fc82.jpg,0
/O/58ee86d332310.jpg,0
/O/58f056f7dd046.jpg,0
/O/58f05719b5c31.jpg,0
/O/58f7b37525681.jpg,0
/O/58f7f849870e7.jpg,0
/O/58f7f86fba82e.jpg,0
/O/58f7f87c2ec07.jpg,0
/O/58fbd272c889f.jpg,0
/O/58fbd299caf11.jpg,0
/O/58fbd3387b35e.jpg,0
/O/59006b90e8655.jpg,0
/O/5900f0ea95e1f.jpg,0
/O/59083a9f23272.jpg,0
/O/5908ab50cf542.jpg,0
/O/5910d7fb1a828.jpg,0
/O/59149d19d2280.jpg,0
/O/59149d2606cb7.jpg,0
/O/59149dcdf0063.jpg,0
/O/59149dd5d5fc1.jpg,0
/O/59149ddb750b9.jpg,0
/O/591ea25507d5e.jpg,0
/O/5922e1cad51d5.jpg,0
/O/59301d636084e.jpg,0
/O/593833d7dce87.jpg,0
/O/5942a07fce1e2.jpg,0
/O/594c394fbf510.jpg,0
/O/594d59117a47b.jpg,0
/O/5958000f618db.jpg,0
/O/59580584d685b.jpg,0
/O/595806037a785.jpg,0
/O/5958064e1b52b.jpg,0
/O/595806a3a59c1.jpg,0
/O/59831c6622ef6.jpg,0
/O/59b40188ef151.jpg,0
/O/59b401e51280f.jpg,0
/O/59d4e37224a41.jpg,0
/O/59df77666db3b.jpg,0
/O/59e798b5eaf6f.jpg,0
/O/59ea21dc94867.jpg,0
/O/59ea21df283cd.jpg,0
/O/59ea21f633a57.jpg,0
/O/59fd497cd78d0.jpg,0
/O/5a0d5b5b66079.jpg,0
/O/5a0d5b63e9da8.jpg,0
/O/5a0d5d23e6623.jpg,0
/O/5a1cf7c028ba0.jpg,0
/O/5a21db69a1e9e.jpg,0
/O/5a21db7d3854f.jpg,0
/O/5a2e6acb4a807.jpg,0
/O/5a31f0e9881aa.jpg,0
/O/5a41ed4b89cdb.jpg,0
/O/5a41ed4fb2e02.jpg,0
/O/5a67353d670ef.jpg,0
/O/5a86473c273a9.jpg,0
/O/5a8bc6cb199b1.jpg,0
/O/5a8c64f464225.jpg,0
